{"epoch": 9, "train_loss": 3.5712078179253472, "valid_loss": 3.179220497608185, "learning_rate": 1.3940190550355026e-08, "model_architecture": "yolox_tiny"}