{"epoch": 9, "train_loss": 5.120611362457275, "valid_loss": 4.5303120613098145, "learning_rate": 3.5522530083305154e-07, "model_architecture": "yolox_tiny"}