{"epoch": 0, "train_loss": 11.674666453207005, "valid_loss": 6.092483212249448, "learning_rate": 0.0001940736757063225, "model_architecture": "yolox_tiny"}